iter	TotalF1	Logloss
0	0.8393855526	0.5051250786
1	0.8319266493	0.431521977
2	0.8445771367	0.3904534992
3	0.8462862943	0.3673871649
4	0.8503486428	0.3521174157
5	0.8509160078	0.3427240535
6	0.8522239527	0.3349635416
7	0.8554380056	0.3295531408
8	0.8555580829	0.3258403648
9	0.8595493798	0.3225994363
10	0.8605012854	0.3193481858
11	0.8606900223	0.3185941258
12	0.8612111195	0.3165745135
13	0.862505006	0.3153284862
14	0.8629052835	0.314590202
15	0.8634060323	0.3133237802
16	0.8637539701	0.3121579941
17	0.8636218733	0.3101061432
18	0.8637291447	0.3093100378
19	0.8639156836	0.3086484209
20	0.864437513	0.3079257502
21	0.8651971576	0.3068704318
22	0.8670710456	0.3052006297
23	0.8674044098	0.3047511857
24	0.867649076	0.3039846837
25	0.8678791006	0.303557913
26	0.8677613896	0.3028366284
27	0.8683720609	0.3013144871
28	0.869039577	0.300618004
29	0.8695594833	0.2999971869
30	0.8706454159	0.2990550981
31	0.8704790434	0.298787908
32	0.8700943807	0.298043901
33	0.8703315302	0.2972545957
34	0.8704350367	0.2968230037
35	0.8701861127	0.2966347079
36	0.8712027326	0.2959592462
37	0.8713271592	0.2953921504
38	0.8715344706	0.2952614778
39	0.8715343428	0.2947281644
40	0.8726254549	0.2933023154
41	0.8727502548	0.2930797805
42	0.8724323508	0.2920725282
43	0.8727195504	0.2912979499
44	0.8726924095	0.2912929056
45	0.8728172429	0.2910427927
46	0.8727480302	0.290766672
47	0.8732101557	0.2906552955
48	0.8732523388	0.2904601588
49	0.8732177061	0.2904570816
50	0.873140905	0.2903547346
51	0.8731062833	0.2903528294
52	0.8730581258	0.2902273684
53	0.8730581258	0.2902257242
54	0.8739189912	0.2895591417
55	0.8740575587	0.2895575527
56	0.8740309064	0.2895238184
57	0.8738843555	0.2892908621
58	0.8745104111	0.289014702
59	0.8743614255	0.2886626249
60	0.8744359527	0.2884227729
61	0.8745715678	0.2878822644
62	0.8745236597	0.2878808446
63	0.8748060725	0.2876173539
64	0.87486374	0.2874472042
65	0.8750718347	0.2873893493
66	0.8751890728	0.287224831
67	0.8751412195	0.2869468847
68	0.8752763225	0.2867534269
69	0.8754544575	0.2865708648
70	0.8754544575	0.2865671684
71	0.8755762009	0.2860107256
72	0.8759234796	0.2858512011
73	0.8758757531	0.2858469323
74	0.875910472	0.2855779349
75	0.8760795986	0.2854310967
76	0.8759841923	0.2853390689
77	0.8761230947	0.2853352789
78	0.8759234796	0.2852245874
79	0.8759582003	0.2852224876
80	0.8763009542	0.2849736559
81	0.8761708082	0.2849051522
82	0.876305544	0.2844834768
83	0.8762577972	0.284481685
84	0.8763272922	0.2844758709
85	0.8763620434	0.2844490795
86	0.8762795356	0.2842367671
87	0.8763230018	0.2840208239
88	0.8766961795	0.2838635863
89	0.8771858569	0.283634835
90	0.8771858569	0.2836338845
91	0.8771162961	0.2836307454
92	0.8772939704	0.2835830584
93	0.8769681525	0.2829695064
94	0.8769552989	0.2829428684
95	0.8769295697	0.2829390421
96	0.877142004	0.2829187096
97	0.8775320065	0.2826546331
98	0.8773763788	0.282608031
99	0.8773964323	0.2825277279
100	0.877583137	0.28235369
101	0.8777130423	0.2821211555
102	0.8775703652	0.2818859061
103	0.8776188094	0.2812454572
104	0.8775459255	0.2812285386
105	0.8775807035	0.281226028
106	0.8776154839	0.2811994395
107	0.877830757	0.2810749409
108	0.877716951	0.2809943279
109	0.877941411	0.280912867
110	0.8777991581	0.2807398728
111	0.8777546303	0.2805891626
112	0.8779351304	0.2804277971
113	0.8779224626	0.2803154835
114	0.8782705424	0.2801258033
115	0.8782767728	0.2798548599
116	0.8784064451	0.2795211587
117	0.8790697888	0.2790064248
118	0.8791966787	0.2788425959
119	0.8791966787	0.278840159
120	0.8788330158	0.2787743459
121	0.8790671099	0.2786507935
122	0.8790322645	0.2786503462
123	0.8793288021	0.2785423169
124	0.8793761182	0.278538691
125	0.8793761182	0.2785364959
126	0.8795653225	0.2784725166
127	0.8798590515	0.2782350621
128	0.8798241755	0.2782326778
129	0.8794282979	0.2780055956
130	0.8794631473	0.2776721715
131	0.8794979992	0.2776255168
132	0.8796622268	0.277380312
133	0.8795452569	0.277249026
134	0.8794182564	0.2771201967
135	0.8793361721	0.2768553426
136	0.8793361721	0.2768538986
137	0.8793361721	0.2767548621
138	0.8793934509	0.2767078083
139	0.8791819819	0.2765221254
140	0.8792640872	0.2764764654
141	0.8793810377	0.2764334765
142	0.8791446474	0.2763438069
143	0.8791446474	0.2763413759
144	0.8791446474	0.2763409574
145	0.8791446474	0.2763362435
146	0.8792864995	0.2763336149
147	0.8795452569	0.2762685886
148	0.8797589518	0.2757293303
149	0.8796993672	0.2756934087
150	0.8798061643	0.2755798941
151	0.8800625986	0.2753944308
152	0.8800502599	0.2753742829
153	0.8799456326	0.2753258539
154	0.8799456326	0.2752577685
155	0.8797117334	0.2751787434
156	0.88052405	0.2745865935
157	0.8802882887	0.2745513527
158	0.8803948759	0.2743271054
159	0.8803948759	0.2743228763
160	0.8804769096	0.2741649376
161	0.8801733343	0.2740363382
162	0.8801733343	0.2738628587
163	0.8801384636	0.2737863428
164	0.8801856037	0.2736366124
165	0.8800441654	0.2735187233
166	0.8800441654	0.2735158161
167	0.8801035952	0.2734420135
168	0.8802449928	0.2732728979
169	0.8801978662	0.2732536908
170	0.8801507337	0.2732387447
171	0.8799724005	0.273154308
172	0.8800008358	0.272940572
173	0.8806391397	0.2723506729
174	0.8806268801	0.2723113571
175	0.8806740444	0.2722165712
176	0.8808381792	0.271978226
177	0.8809796113	0.271874418
178	0.8805448085	0.2717600354
179	0.8812590479	0.2716316744
180	0.8811193096	0.2714613779
181	0.8810494555	0.2714035013
182	0.8813549455	0.2713012373
183	0.8816375132	0.2711201668
184	0.8817195385	0.2709833093
185	0.8818956889	0.2707908192
186	0.8819306504	0.2706483105
187	0.8819306504	0.2706428479
188	0.8820826103	0.270557111
189	0.8821054953	0.2705455941
190	0.8821175835	0.2705419134
191	0.8821175835	0.2705234465
192	0.8822116902	0.2704853401
193	0.882095931	0.2702264899
194	0.882060966	0.2702156569
195	0.8822719535	0.270190763
196	0.8822719535	0.2701688694
197	0.8822719535	0.2701521457
198	0.8823069285	0.2701292503
199	0.8823998328	0.2698449891
200	0.8823636846	0.2697245874
201	0.882457766	0.2696802165
202	0.8824227769	0.2696641721
203	0.88267979	0.2695465649
204	0.8827158577	0.2694008939
205	0.8827038419	0.2693995139
206	0.8828108348	0.2692763236
207	0.8828578104	0.2692756415
208	0.8826818701	0.2691919631
209	0.8826938605	0.2690751228
210	0.8827408386	0.2690720741
211	0.8828347771	0.2690713272
212	0.8826348786	0.2689122911
213	0.8827758355	0.2689102974
214	0.8827518646	0.2688328678
215	0.8827518646	0.2688321149
216	0.8827518646	0.2688294113
217	0.8828697773	0.2687024497
218	0.8828808411	0.2686028524
219	0.88292782	0.2686020361
220	0.8828448821	0.2685371228
221	0.8827988536	0.2684289797
222	0.8827518646	0.2683756304
223	0.8827988536	0.2683183975
224	0.8835849094	0.2678888802
225	0.8835849094	0.2678863734
226	0.8827067655	0.267721616
227	0.8826487533	0.2676879916
228	0.8835972827	0.2675894609
229	0.8828825809	0.2675306931
230	0.8833979161	0.2673903651
231	0.883457203	0.2672861426
232	0.883457203	0.2672844149
233	0.8835158857	0.267271726
234	0.8835859222	0.2670996084
235	0.8837146273	0.2670627128
236	0.8837496551	0.2670619905
237	0.8837968354	0.2669515435
238	0.8837850502	0.2669507245
239	0.8837382324	0.2669499655
240	0.8836563867	0.2669118121
241	0.8837850502	0.2666759219
242	0.8842061501	0.2666305935
243	0.8842293064	0.2665310571
244	0.8843580504	0.266472607
245	0.8839257098	0.2662945415
246	0.8837385691	0.2662426065
247	0.883785363	0.266164669
248	0.8841593844	0.2660910434
249	0.8840190526	0.2658783718
250	0.8842529101	0.265512107
251	0.8844398629	0.2654340549
252	0.8845333669	0.2653311356
253	0.8845333669	0.2653229993
254	0.8846267814	0.2652161455
255	0.8844982966	0.265121584
256	0.8846618388	0.2649910848
257	0.8849886849	0.2648073672
258	0.8846615421	0.2647100199
259	0.8846965919	0.2645718903
260	0.8846849731	0.2645666308
261	0.88459145	0.2645268702
262	0.884439671	0.2644016407
263	0.884264675	0.264226115
264	0.8844982966	0.2641534101
265	0.8844982966	0.2641527201
266	0.8844982966	0.2641013472
267	0.8844398695	0.263927441
268	0.8844048262	0.2639263668
269	0.8843230758	0.2637829122
270	0.8842880391	0.2637009385
271	0.8842880391	0.2636848924
272	0.8843697854	0.2636808867
273	0.8843814494	0.2636722546
274	0.8842763444	0.2635878052
275	0.8842763444	0.263581788
276	0.8843347471	0.2635055121
277	0.8842763444	0.2634763314
278	0.8844866229	0.263234105
279	0.8844165254	0.2631755161
280	0.8845799738	0.263128721
281	0.8847201915	0.2631045056
282	0.8845450144	0.2630988627
283	0.8846851333	0.2630983486
284	0.8846851333	0.2630945857
285	0.884766888	0.2630210927
286	0.8850706944	0.2629025515
287	0.8855142343	0.2626822924
288	0.8856203516	0.2625245505
289	0.8855501263	0.2624961188
290	0.8858191096	0.2623673301
291	0.8861227847	0.2622086946
292	0.8861573457	0.2620827466
293	0.8861573457	0.2619448476
294	0.8856901949	0.2618068314
295	0.8857253112	0.2616980464
296	0.8861688532	0.2615416609
297	0.8861924834	0.2614216563
298	0.8863094154	0.2613421061
299	0.8862627664	0.2613177391
300	0.8864973314	0.2612504321
301	0.8861343115	0.2610742446
302	0.8862391293	0.261002083
303	0.8862857693	0.2609714379
304	0.8862857693	0.2609059124
305	0.8858773597	0.2607671801
306	0.8860058426	0.2607303736
307	0.8859822483	0.2607296355
308	0.8861809705	0.260656234
309	0.8860525114	0.2606355505
310	0.8860991745	0.260573946
311	0.8861227847	0.2604566906
312	0.88621549	0.2603616517
313	0.8858181693	0.2602204693
314	0.8858181693	0.2602198604
315	0.885795093	0.2601957241
316	0.8859701767	0.2600403207
317	0.8858537868	0.2599606896
318	0.8859240384	0.2599603347
319	0.8860178867	0.2599157515
320	0.8859240384	0.2598514681
321	0.8860173786	0.2598341236
322	0.8860289081	0.2598336852
323	0.8860289081	0.2598319091
324	0.8860991745	0.2598212899
325	0.8864141789	0.2597376281
326	0.8864256551	0.2596946869
327	0.8864256551	0.2596931134
328	0.8864722722	0.2596870074
329	0.8863905093	0.2596347306
330	0.8865540351	0.2595458674
331	0.8867166974	0.2594537079
332	0.8866595047	0.2593374563
333	0.8866006423	0.2592652663
334	0.886682401	0.2592009875
335	0.8866938396	0.2592005212
336	0.8866938396	0.2591999399
337	0.8865654892	0.2591610727
338	0.8865769369	0.2590997643
339	0.8866357979	0.2589962213
340	0.8867746848	0.2589101131
341	0.8867746848	0.2589055675
342	0.8868915682	0.2588048791
343	0.8868915682	0.2588025322
344	0.886973294	0.2587830234
345	0.8870198497	0.2587823748
346	0.8871491614	0.2587275154
347	0.8870911947	0.2586672609
348	0.8874159447	0.2585883266
349	0.8874863197	0.2584325909
350	0.8874863197	0.2584320044
351	0.8874863197	0.2584277716
352	0.8874863197	0.2584200383
353	0.8874863197	0.2584189076
354	0.8874397976	0.2584181764
355	0.8874397976	0.2584035821
356	0.8874976458	0.2583457016
357	0.8875906583	0.2582765698
358	0.8877905514	0.2581279487
359	0.8879300779	0.258098619
360	0.8878722772	0.2580671231
361	0.8877905514	0.2580383126
362	0.8879413619	0.2579806336
363	0.8879413619	0.2579801074
364	0.887977926	0.2579192204
365	0.8880244412	0.2579177668
366	0.8879314051	0.2578355495
367	0.8879200967	0.2578269294
368	0.8878735628	0.2578190654
369	0.8879200967	0.2578117737
370	0.8880483712	0.2577983723
371	0.8879666249	0.2577971962
372	0.8879314051	0.2576970699
373	0.8877679207	0.2576748622
374	0.8879427072	0.2576255207
375	0.8879652923	0.2576092801
376	0.8882231403	0.2575285089
377	0.8883386449	0.25736839
378	0.8882329553	0.2573605451
379	0.8881752181	0.2573017289
380	0.8881864774	0.2572983203
381	0.8882666736	0.2572331509
382	0.888244201	0.2571936253
383	0.8882089771	0.2571934827
384	0.8882089771	0.2571801866
385	0.8882554404	0.2571799917
386	0.8882554404	0.2571677571
387	0.8882666736	0.257160019
388	0.888138537	0.2571232266
389	0.8881849972	0.2571229505
390	0.8881849972	0.2571212061
391	0.8880920712	0.2570838684
392	0.8880103866	0.2569970666
393	0.8882666736	0.2568327626
394	0.8883018981	0.2568263245
395	0.8882666736	0.2568248658
396	0.8883018981	0.2568246751
397	0.8881160335	0.2567256931
398	0.8881160335	0.2567244586
399	0.8883273957	0.2566652095
400	0.8885245182	0.2564621946
401	0.8885500927	0.2563996752
402	0.8885036007	0.256393581
403	0.8885500927	0.2563934224
404	0.8884218585	0.2563919298
405	0.8884683546	0.2562527005
406	0.8886318309	0.2562445993
407	0.8886430597	0.2561194428
408	0.8888065194	0.2560962547
409	0.8888641849	0.2559684857
410	0.8888272328	0.255769019
411	0.8888272328	0.2557665035
412	0.8889089174	0.2557599018
413	0.8889553422	0.2557449764
414	0.8889553422	0.2557448607
415	0.8887360039	0.2556132456
416	0.8889699792	0.2555462329
417	0.8887376015	0.2555400514
418	0.8887840884	0.2555283934
419	0.8888658348	0.2555273182
420	0.8888882493	0.2555260893
421	0.8888882493	0.2555251006
422	0.8887953071	0.2555194161
423	0.8891316669	0.2554285195
424	0.8890852343	0.2554269536
425	0.8889347119	0.2551717394
426	0.8889347119	0.2551560245
427	0.8888529861	0.2551239939
428	0.889005249	0.2549880823
429	0.889005249	0.2549631129
430	0.889005249	0.2549629138
431	0.889005249	0.2549420547
432	0.8890628904	0.2548999193
433	0.8890405214	0.2548586675
434	0.8890405214	0.2548583246
435	0.889005249	0.2548568347
436	0.889051709	0.2548558471
437	0.889051709	0.2548549804
438	0.8889347119	0.2548301277
439	0.888923515	0.2548202603
440	0.889086983	0.2547341938
441	0.8888658348	0.2546850578
442	0.889051709	0.2546681027
443	0.889191055	0.2546181137
444	0.8892727725	0.2545702702
445	0.8892616148	0.2545608531
446	0.8892263336	0.2545578268
447	0.889144612	0.2545557842
448	0.8893414877	0.2544995621
449	0.8893414877	0.2544990309
450	0.8893414877	0.2544955774
451	0.8894231846	0.2544622835
452	0.8894231846	0.254461987
453	0.8894231846	0.2544619511
454	0.889224515	0.254412627
455	0.8891651141	0.2543500078
456	0.8889794365	0.2542708596
457	0.8891428222	0.2541585406
458	0.8892356559	0.2541312063
459	0.889224515	0.254130768
460	0.889224515	0.2541219444
461	0.8893748639	0.2539484015
462	0.889350701	0.2539254171
463	0.8893859768	0.2539148245
464	0.889350701	0.253909547
465	0.8894695935	0.2538341204
466	0.8899244404	0.2537466542
467	0.8896924703	0.2536669489
468	0.8896087863	0.253480769
469	0.8896904668	0.2534172628
470	0.8896904668	0.2533960843
471	0.8896067641	0.2533664767
472	0.8896157537	0.2533153884
473	0.8895694153	0.2533059006
474	0.8895452	0.253263459
475	0.8897900204	0.2532113288
476	0.8897657666	0.2531938166
477	0.8896841721	0.25318576
478	0.8896841721	0.2531855557
479	0.8896841721	0.2531853813
480	0.8898120753	0.2531818634
481	0.8896488943	0.2531434966
482	0.8897304848	0.2530293326
483	0.8897304848	0.2530096059
484	0.8899399647	0.2528026653
485	0.8899862581	0.2527997175
486	0.8899289557	0.2525816706
487	0.8897878111	0.2525000525
488	0.8896952056	0.2524907682
489	0.8897878111	0.2524239515
490	0.8897657666	0.2523919703
491	0.8897304848	0.2523832955
492	0.8898120753	0.2523662659
493	0.8898120753	0.2523656756
494	0.8897878111	0.2523638533
495	0.8897878111	0.2523594349
496	0.8900435344	0.2522278392
497	0.8900435344	0.2522272741
498	0.8900898094	0.2522202325
499	0.8901360787	0.2521806736
500	0.8901251045	0.2521486574
501	0.8902663103	0.2520556144
502	0.8903125873	0.2520272977
503	0.8902663103	0.2520184528
504	0.8903832085	0.2519564159
505	0.8902090441	0.2518936623
506	0.8902906427	0.2518422616
507	0.8903832085	0.2517996364
508	0.8903832085	0.2517970928
509	0.8903832085	0.2517950439
510	0.8901117537	0.2515760896
511	0.8900192268	0.2515529349
512	0.890078828	0.2515277869
513	0.8903698147	0.2514221191
514	0.8905792054	0.2513499109
515	0.8906851717	0.2512438938
516	0.8906389165	0.2512401977
517	0.8908239034	0.251130511
518	0.8908239034	0.2511223858
519	0.8908129953	0.251115819
520	0.8902857999	0.2508544223
521	0.8904160734	0.2508076394
522	0.8904160734	0.2508052199
523	0.8904623264	0.2507859744
524	0.8904623264	0.2507845153
525	0.8902090441	0.2507182351
526	0.8901847239	0.2507029643
527	0.8901494227	0.250660473
528	0.8904026457	0.250595478
529	0.8904026457	0.2505933834
530	0.8903454582	0.2505175087
531	0.8901604021	0.2504893778
532	0.8901957023	0.2503331247
533	0.8902882446	0.2502725614
534	0.8899729549	0.2502412543
535	0.8900082434	0.2501720491
536	0.8902066745	0.2501499048
537	0.8902066745	0.2501445029
538	0.890427016	0.2501273108
539	0.8906607714	0.2500323971
540	0.8906254503	0.2500209264
541	0.8909408052	0.2499030737
542	0.8910441385	0.2498588516
543	0.8911855155	0.2497513995
544	0.8911501674	0.2497335298
545	0.8911963838	0.249733105
546	0.8912317334	0.2496847793
547	0.8912317334	0.2496801896
548	0.8912317334	0.249662309
549	0.8912779458	0.2496551836
550	0.891272292	0.2495603616
551	0.890843028	0.2491385117
552	0.8908783521	0.2491365714
553	0.8908783521	0.2491349205
554	0.8909815981	0.249036136
555	0.8912124367	0.2489532815
556	0.8912369522	0.2489141598
557	0.8913754143	0.2489053035
558	0.8914569031	0.2488594662
559	0.8914569031	0.2488090971
560	0.8915737444	0.2487588037
561	0.8916198808	0.2487508137
562	0.8916767797	0.2487216287
563	0.8916060733	0.2486490094
564	0.8915599526	0.2486182519
565	0.891630656	0.2485497462
566	0.8915845268	0.2484934315
567	0.891503042	0.2484661985
568	0.8915737444	0.2484186243
569	0.8914353021	0.2483802064
570	0.8914922516	0.2483797189
571	0.8914922516	0.2483346933
572	0.8916690319	0.2483046261
573	0.8916228784	0.2482770674
574	0.8915875188	0.2482767551
575	0.8915875188	0.2482767278
576	0.8920562753	0.2482208796
577	0.8920916433	0.2482027512
578	0.8921623869	0.2481921535
579	0.8921270138	0.2481921104
580	0.8922298314	0.2481597989
581	0.8923145971	0.248122013
582	0.8923145971	0.2481184842
583	0.8922331406	0.2480663627
584	0.8922652064	0.2479816831
585	0.8920809385	0.2479239579
586	0.8922899024	0.247890755
587	0.8921730835	0.2478550668
588	0.8924706771	0.2478090951
589	0.8922618466	0.2475964383
590	0.8923786264	0.2475511881
591	0.8926369722	0.2473405217
592	0.892693634	0.2473144061
593	0.892739653	0.2472717076
594	0.892739653	0.2472406946
595	0.8928564661	0.2472107561
596	0.8929130783	0.247129001
597	0.892902477	0.247072284
598	0.8928670744	0.247029046
599	0.8929342631	0.2469175164
600	0.8929802475	0.2468839313
601	0.8929802475	0.2468837872
602	0.8927537996	0.246862042
603	0.8927290296	0.2467973644
604	0.8927290296	0.2467965431
605	0.892693634	0.2467894454
606	0.8927962768	0.246753153
607	0.89230445	0.2467146639
608	0.8924246545	0.2466512725
609	0.8925874624	0.2466351138
610	0.8924459359	0.2462498951
611	0.8924954169	0.246230739
612	0.8926228504	0.2461718217
613	0.892612218	0.2461411081
614	0.892658241	0.2461407507
615	0.8926193273	0.2461150835
616	0.8925733283	0.2460955436
617	0.8926087116	0.2460891269
618	0.8928316744	0.2460701977
619	0.892739653	0.2460350526
620	0.8927502704	0.246011441
621	0.8923679698	0.2459757473
622	0.8923679698	0.2459748589
623	0.8925166941	0.2458983733
624	0.8924246545	0.2458935767
625	0.8924954169	0.2458826628
626	0.89259809	0.2457906788
627	0.8928068813	0.2457574726
628	0.8926440975	0.2457134977
629	0.892926892	0.2454595594
630	0.892926892	0.2454583736
631	0.892926892	0.2454456536
632	0.8929833748	0.2454176525
633	0.8927747949	0.2453846346
634	0.8925803831	0.2453245465
635	0.8925909772	0.2453229912
636	0.8927076964	0.2452711193
637	0.892682897	0.2451771373
638	0.8929765617	0.2450156583
639	0.8930473596	0.2449828828
640	0.893036796	0.244974774
641	0.8930013947	0.2449710346
642	0.893036796	0.2448544171
643	0.8932560386	0.2446775386
644	0.8931641302	0.2446568736
645	0.8932100871	0.2446336701
646	0.8933584458	0.2444536094
647	0.8936339318	0.2443776265
648	0.893531632	0.2443372823
649	0.8933794698	0.2443197888
650	0.8936234527	0.2442951857
651	0.8937087631	0.2441650923
652	0.8937087631	0.2441637977
653	0.8936628372	0.2441593699
654	0.8936628372	0.2441592323
655	0.8936628372	0.244123463
656	0.8937087631	0.2441127366
657	0.893637903	0.244098411
658	0.8938674356	0.2439941078
659	0.8939133257	0.2439462424
660	0.89382154	0.2438488678
661	0.8937506784	0.2437831132
662	0.8936943033	0.2437413258
663	0.8937087631	0.2437365343
664	0.8946391539	0.2434876006
665	0.8946850316	0.2434575188
666	0.8946850316	0.2434570663
667	0.8946850316	0.2434549445
668	0.8946850316	0.2434511956
669	0.8946599446	0.2434145236
670	0.8946599446	0.2434105054
671	0.8947058084	0.2433905597
672	0.8945284477	0.2432658179
673	0.8944471281	0.2432623463
674	0.8945639147	0.2432299126
675	0.8945431291	0.2432284731
676	0.8945431291	0.2432282907
677	0.8944868488	0.2432261017
678	0.8946140752	0.2432011203
679	0.894680712	0.2431420323
680	0.8945889955	0.2431039023
681	0.8945889955	0.2429938864
682	0.8945682004	0.2429907685
683	0.8946140752	0.242976533
684	0.8943700322	0.2429544371
685	0.8948537262	0.2428421602
686	0.8948537262	0.2428362868
687	0.8947724066	0.2426807834
688	0.8948537262	0.2425986048
689	0.8947827678	0.2425190223
690	0.8950015478	0.2424300948
691	0.8950015478	0.2424278501
692	0.8950828474	0.2424157095
693	0.8950931661	0.2424152497
694	0.8950931661	0.2424130721
695	0.8950931661	0.2424071914
696	0.8950267026	0.2423646101
697	0.8948138166	0.2422262392
698	0.894691087	0.2422027303
699	0.894726562	0.2421630414
700	0.8949246949	0.2421202422
701	0.894945391	0.2420760428
702	0.8949705329	0.2419618586
703	0.8957940331	0.2417984297
704	0.8963786483	0.2413991449
705	0.8961499572	0.2413685399
706	0.8961397424	0.2413606249
707	0.8960126774	0.2413413928
708	0.8960837536	0.2413262103
709	0.8961854983	0.2412828848
710	0.8962565882	0.241271722
711	0.8962108295	0.2412715653
712	0.8960686655	0.2412394304
713	0.8961042027	0.2412089834
714	0.8961752846	0.2411747943
715	0.8961854983	0.2411725315
716	0.8961854983	0.2411652557
717	0.8962667939	0.2411369658
718	0.8963276885	0.2410793958
719	0.8963276885	0.2409751602
720	0.8961397424	0.2409020919
721	0.89603798	0.240886252
722	0.896093981	0.240847511
723	0.896093981	0.2408471935
724	0.8959108813	0.2408427618
725	0.8960837536	0.2408083957
726	0.8961397424	0.2407748708
727	0.8962565882	0.2407557595
728	0.8965970055	0.240458502
729	0.8964903117	0.2404089783
730	0.8965716233	0.240407738
731	0.8967952305	0.2403669105
732	0.8966935364	0.2403122567
733	0.8966121927	0.2403092156
734	0.89677488	0.2403032951
735	0.89677488	0.2403028376
736	0.896729115	0.2403024044
737	0.896530849	0.2402826184
738	0.8967240776	0.2402231155
739	0.8966783291	0.2402180299
740	0.8967037224	0.2401985095
741	0.8966783291	0.2401832649
742	0.8966325752	0.2401404271
743	0.8966681475	0.2401133794
744	0.8966681475	0.2401088436
745	0.8965054842	0.2400751908
746	0.8966783291	0.2399981719
747	0.8971865208	0.2397742911
748	0.8969578857	0.2397004457
749	0.8972577143	0.2395464126
750	0.8971306757	0.2395219766
751	0.8971052132	0.2394573512
752	0.8973135352	0.2393239954
753	0.8974351798	0.2392699962
754	0.8975419879	0.2392574489
755	0.8977146068	0.2392409784
756	0.8976333312	0.239236574
757	0.8976689419	0.2392221932
758	0.8977703056	0.2391421641
759	0.8977246528	0.2390948543
760	0.8976890419	0.2389990426
761	0.8976433852	0.2389865186
762	0.8977045552	0.2389699507
763	0.8977045552	0.2389626048
764	0.8976132063	0.2389360504
765	0.8977703056	0.2388741953
766	0.8975867758	0.2386078424
767	0.8975511825	0.2385653553
768	0.8975977231	0.2384530629
769	0.897425103	0.2384359343
770	0.8973895042	0.2384354945
771	0.8973895042	0.2384353763
772	0.897425103	0.2384196732
773	0.8976890419	0.2384162575
774	0.8976735135	0.2383562938
775	0.8976735135	0.2383557586
776	0.8978460167	0.2383191624
777	0.8978660312	0.2383153685
778	0.8978660312	0.2383112025
779	0.8979728701	0.2382679502
780	0.897957242	0.2382143
781	0.8980028393	0.2382109225
782	0.8979415989	0.2382062975
783	0.8979415989	0.2381566886
784	0.8980584031	0.2381405939
785	0.8980128179	0.2381347521
786	0.8980128179	0.2381346542
787	0.8979871813	0.2381100295
788	0.8979772071	0.2380752452
789	0.8975100691	0.2379110187
790	0.8976724294	0.2378686429
791	0.8977892061	0.2378588391
792	0.8977892061	0.237806703
793	0.8977180156	0.2377802597
794	0.8978447687	0.2377345239
795	0.897880368	0.2377299281
796	0.8978347897	0.2377282456
797	0.8979415989	0.2377236517
798	0.8978248052	0.2377102976
799	0.8978703902	0.2376900746
800	0.897662429	0.2376734079
801	0.897662429	0.2376726625
802	0.8975912493	0.2376696478
803	0.8976724294	0.2376469349
804	0.8981338449	0.237615981
805	0.8981793992	0.2376154917
806	0.8982406904	0.2375724856
807	0.8982763108	0.2375711044
808	0.8983119337	0.2375647429
809	0.8982763108	0.2375644043
810	0.8982763108	0.2375639784
811	0.8982406904	0.2375636863
812	0.8982406904	0.2375545781
813	0.8982050727	0.2375541495
814	0.8983119337	0.2375151574
815	0.8982862489	0.2374935846
816	0.8983318019	0.237492607
817	0.8983318019	0.2374890479
818	0.8983318019	0.2374881338
819	0.8983417278	0.2374875879
820	0.8982961814	0.2374871213
821	0.8983318019	0.2374867602
822	0.8983872688	0.2374013786
823	0.8982605635	0.2373864435
824	0.8983516481	0.2373451118
825	0.8982704917	0.2373193572
826	0.8982704917	0.2372979084
827	0.8982704917	0.23729773
828	0.8984070904	0.2372796369
829	0.8982745398	0.236990249
830	0.8988165985	0.2367217869
831	0.8987711189	0.2367058857
832	0.8991053877	0.2366431756
833	0.8990046269	0.236603797
834	0.8990402718	0.2365943139
835	0.8989235061	0.2365840147
836	0.899157048	0.2365288104
837	0.8991927021	0.2365012653
838	0.8990599253	0.2364573219
839	0.898913662	0.2362801245
840	0.8989493042	0.2362711548
841	0.8989947907	0.2362486354
842	0.8988264407	0.2360922602
843	0.8991053877	0.2360765199
844	0.8991053877	0.2360730957
845	0.8993228364	0.2360379425
846	0.8993326203	0.2360235499
847	0.8993326203	0.2360233336
848	0.8993326203	0.2360231347
849	0.8993032521	0.2359922723
850	0.8992025213	0.2359511411
851	0.8991115695	0.2359366562
852	0.8991312181	0.2359282557
853	0.8990795569	0.2358463838
854	0.8990144575	0.2358126424
855	0.8990599253	0.2358106473
856	0.8990795569	0.235791116
857	0.8989628275	0.235724432
858	0.8989530054	0.2356530425
859	0.8990893644	0.2356329717
860	0.8992711023	0.2355656727
861	0.8991543923	0.2355423347
862	0.8991900327	0.2355407469
863	0.8990795569	0.2354918248
864	0.8990893644	0.2354252279
865	0.8992256758	0.2353319314
866	0.8992808777	0.2353189865
867	0.8991900327	0.2353137145
868	0.8994981554	0.2352688221
869	0.8994786547	0.2352494741
870	0.8997510236	0.2352283518
871	0.8997510236	0.2352278897
872	0.8997510236	0.2352254361
873	0.899705642	0.2352068743
874	0.8998871368	0.2351166221
875	0.8999324973	0.2350947202
876	0.9000038393	0.2350668807
877	0.8997347853	0.2350170719
878	0.8997672477	0.2349842063
879	0.8998677339	0.2349690003
880	0.8999584761	0.2349418965
881	0.899877438	0.2349353045
882	0.8999131077	0.2349352211
883	0.8999131077	0.2349337685
884	0.8999487799	0.2349302797
885	0.8996537629	0.2347581706
886	0.8998158077	0.234697157
887	0.8998255035	0.2346911595
888	0.9000395142	0.2346553502
889	0.9000135236	0.2346390106
890	0.9000848735	0.2346110703
891	0.9000588749	0.2345851923
892	0.9000491973	0.2345820058
893	0.8999778525	0.2345694472
894	0.9002855524	0.2345261191
895	0.9002759078	0.2345247446
896	0.9002855524	0.2345217616
897	0.9002759078	0.2345100815
898	0.9002402274	0.2344871421
899	0.9002759078	0.2344614312
900	0.9004282948	0.2343756216
901	0.9004282948	0.2343725226
902	0.9004282948	0.2343723519
903	0.9005189397	0.2343617328
904	0.9004157411	0.234223595
905	0.900425401	0.2340783584
906	0.9003607044	0.2340747459
907	0.9003607044	0.2340745073
908	0.9003800428	0.2340127608
909	0.9001465544	0.2339096794
910	0.9000558119	0.2338738247
911	0.9000817976	0.2338480514
912	0.9001822396	0.233820772
913	0.9001725561	0.2337753603
914	0.9000072677	0.2337297813
915	0.9000072677	0.2337287632
916	0.8999715817	0.2337284852
917	0.9000169874	0.233728217
918	0.9000169874	0.2337279558
919	0.9000623878	0.233702897
920	0.9000720954	0.2336865653
921	0.9002179274	0.2336590909
922	0.8999293711	0.2336202175
923	0.9000104327	0.2335942462
924	0.9000104327	0.2335937041
925	0.9000104327	0.2335936552
926	0.9000817976	0.23347875
927	0.9001368696	0.2333544662
928	0.9001011858	0.2333112488
929	0.9001725561	0.2332967376
930	0.9000364105	0.233285213
931	0.9002632934	0.233176728
932	0.9001271795	0.2331727274
933	0.9002536177	0.233139765
934	0.9002179274	0.2331326686
935	0.9002179274	0.233099286
936	0.9001368696	0.2330402706
937	0.9001822396	0.2330121003
938	0.9001822396	0.2330118925
939	0.9000914944	0.232993534
940	0.9001822396	0.2329640312
941	0.9002372757	0.2329341855
942	0.9002372757	0.2329256935
943	0.9002729636	0.232916523
944	0.9002729636	0.232915828
945	0.9001725561	0.2328503545
946	0.9001368696	0.2328267335
947	0.9001011858	0.2327890105
948	0.9001368696	0.2327842306
949	0.9001011858	0.2327610078
950	0.9004611006	0.2326399967
951	0.9004611006	0.2326363052
952	0.9005421583	0.2326122822
953	0.9005875086	0.2326119073
954	0.9004157411	0.2325796967
955	0.9004968027	0.2325663743
956	0.9004707539	0.2325124329
957	0.9004707539	0.2325114524
958	0.9005325075	0.232486345
959	0.9006135731	0.2324670838
960	0.9007042738	0.2324134185
961	0.9008045699	0.2323782464
962	0.9009405299	0.2322644059
963	0.9009954241	0.2322161935
964	0.901112166	0.2321923315
965	0.9011025904	0.2321763275
966	0.901147892	0.2321660843
967	0.9010050035	0.2320182485
968	0.9011313013	0.2320150324
969	0.9010860142	0.2319955233
970	0.9009048131	0.2319747805
971	0.9010050035	0.2319479642
972	0.9009597072	0.2319448321
973	0.901140861	0.231800717
974	0.9009431514	0.231716721
975	0.9009884332	0.2317083968
976	0.9009074421	0.2316806349
977	0.9009788632	0.2316015066
978	0.9011790463	0.2314621476
979	0.9016386013	0.2313738274
980	0.9015291438	0.2313580551
981	0.9014934096	0.2313253011
982	0.9015386496	0.2313189616
983	0.901574385	0.2313186965
984	0.901574385	0.2313152713
985	0.901514649	0.2311527492
986	0.9014337243	0.2310065248
987	0.9014052392	0.2308837699
988	0.901369518	0.2308796226
989	0.901369518	0.230872631
990	0.9014242345	0.2308501257
991	0.9014242345	0.2308252033
992	0.901505167	0.2308161742
993	0.9015860995	0.230808798
994	0.9015408923	0.2308028082
995	0.9015241256	0.230782615
996	0.9015598484	0.2307432106
997	0.9015598484	0.2307211646
998	0.9014337243	0.2306204074
999	0.9014052392	0.2306062343
1000	0.901369518	0.2305963427
1001	0.9014504621	0.2305663886
1002	0.9015671354	0.2305466354
1003	0.9015219151	0.2305359015
1004	0.9016123505	0.2305140137
1005	0.9016575604	0.2305061971
1006	0.9016932947	0.2304857008
1007	0.9018572335	0.2304256434
1008	0.9017122301	0.2303473199
1009	0.9017122301	0.2303467733
1010	0.9017122301	0.2303465238
1011	0.9017122301	0.2303455642
1012	0.9017311445	0.2302263272
1013	0.9016407691	0.2301988576
1014	0.9019927302	0.2300288487
1015	0.9015430631	0.2299851529
1016	0.9015430631	0.2299850225
1017	0.9015430631	0.2299794086
1018	0.9016334175	0.229977415
1019	0.9016334175	0.2299769131
1020	0.9015882429	0.2299744933
1021	0.9016334175	0.2299741411
1022	0.9016334175	0.2299570698
1023	0.9016334175	0.2299566116
1024	0.9015882429	0.2299525364
1025	0.9016239645	0.2299502348
1026	0.9016596886	0.2299466576
1027	0.9016596886	0.2299464958
1028	0.9015525239	0.2299405943
1029	0.9016596886	0.2299019483
1030	0.9015955737	0.2298857991
1031	0.9016218287	0.2298614837
1032	0.901702765	0.229798637
1033	0.901702765	0.2297983697
1034	0.901702765	0.2297974675
1035	0.9018383477	0.2297899336
1036	0.9018383477	0.2297785312
1037	0.9018835315	0.2297764678
1038	0.9019098295	0.2297342919
1039	0.9018194409	0.2297308977
1040	0.9021714609	0.2296755642
1041	0.9018646378	0.2296490007
1042	0.9022448147	0.2295496888
1043	0.9023257044	0.2295087833
1044	0.9025232468	0.2294304046
1045	0.9024065941	0.2294244717
1046	0.9025777293	0.2293789452
1047	0.9023878357	0.2293541105
1048	0.9024235974	0.2293537304
1049	0.9024142116	0.2293395862
1050	0.9024951285	0.2293054033
1051	0.9024951285	0.229305133
1052	0.9024763568	0.2292915638
1053	0.9025121289	0.2292877436
1054	0.9026475947	0.2292035003
1055	0.902521516	0.2291823788
1056	0.9024857453	0.2291811863
1057	0.9025308979	0.2291802394
1058	0.9023860229	0.2291513483
1059	0.9024142116	0.2290411155
1060	0.9022787302	0.2290195899
1061	0.9023878357	0.229013456
1062	0.9024048206	0.2289805695
1063	0.9023596588	0.228969377
1064	0.9023502561	0.2289674373
1065	0.90256667	0.2289371313
1066	0.9024499771	0.2289362224
1067	0.902521516	0.2289327646
1068	0.90256667	0.2289169716
1069	0.9022599039	0.2288949268
1070	0.9022956681	0.2288888256
1071	0.9023502561	0.228781859
1072	0.9022504829	0.2287622511
1073	0.9022956681	0.2287620257
1074	0.90221472	0.2287596959
1075	0.9022504829	0.2287443429
1076	0.9022052925	0.2287439198
1077	0.9023502561	0.2287238813
1078	0.9023502561	0.2287198666
1079	0.9024405874	0.2287195471
1080	0.9023954244	0.2287147458
1081	0.9024142116	0.2286732247
